"STCODE","FORMAT","SITECODE","WATERYEAR","DATE","MEAN_Q","MAX_Q","MIN_Q","MEAN_Q_AREA","TOTAL_Q_AREA","ESTCODE"
"HF004","2","GSWSMA","2014","2013-10-01","25.6668","28.9865","22.4293","11.4393","0.4254","A"
"HF004","2","GSWSMA","2014","2013-10-02","16.9639","22.3608","12.9313","7.5605","0.2812","A"
"HF004","2","GSWSMA","2014","2013-10-03","10.6225","12.9313","8.9599","4.7343","0.1761","A"
"HF004","2","GSWSMA","2014","2013-10-04","7.7973","8.9599","6.846","3.4751","0.1292","A"
"HF004","2","GSWSMA","2014","2013-10-05","6.2378","6.846","5.6955","2.7801","0.1034","A"
"HF004","2","GSWSMA","2014","2013-10-06","5.2583","5.6955","4.846","2.3435","0.0872","A"
"HF004","2","GSWSMA","2014","2013-10-07","5.6198","6.5424","4.7145","2.5046","0.0931","A"
"HF004","2","GSWSMA","2014","2013-10-08","5.9422","7.2808","5.2224","2.6483","0.0985","A"
"HF004","2","GSWSMA","2014","2013-10-09","6.2446","7.1866","5.6672","2.7831","0.1035","A"
"HF004","2","GSWSMA","2014","2013-10-10","5.3185","5.6955","5.0058","2.3703","0.0882","A"
"HF004","2","GSWSMA","2014","2013-10-11","4.7558","5.0058","4.5587","2.1196","0.0788","A"
"HF004","2","GSWSMA","2014","2013-10-12","4.3657","4.5587","4.1791","1.9457","0.0724","A"
"HF004","2","GSWSMA","2014","2013-10-13","4.0017","4.1791","3.7897","1.7835","0.0663","A"
"HF004","2","GSWSMA","2014","2013-10-14","3.6305","3.7897","3.4395","1.6181","0.0602","A"
"HF004","2","GSWSMA","2014","2013-10-15","3.3257","3.4395","3.1698","1.4822","0.0551","A"
"HF004","2","GSWSMA","2014","2013-10-16","3.0678","3.1698","2.9309","1.3673","0.0508","A"
"HF004","2","GSWSMA","2014","2013-10-17","2.8392","2.9309","2.7207","1.2654","0.0471","A"
"HF004","2","GSWSMA","2014","2013-10-18","2.6544","2.7414","2.5372","1.183","0.044","A"
"HF004","2","GSWSMA","2014","2013-10-19","2.4825","2.5372","2.3982","1.1064","0.0411","A"
"HF004","2","GSWSMA","2014","2013-10-20","2.3324","2.3982","2.2627","1.0395","0.0387","A"
"HF004","2","GSWSMA","2014","2013-10-21","2.2045","2.2627","2.1305","0.9825","0.0365","A"
"HF004","2","GSWSMA","2014","2013-10-22","2.0668","2.1305","1.9835","0.9211","0.0343","A"
"HF004","2","GSWSMA","2014","2013-10-23","1.9889","2.0198","1.9296","0.8864","0.033","A"
"HF004","2","GSWSMA","2014","2013-10-24","1.8938","1.9296","1.8236","0.844","0.0314","A"
"HF004","2","GSWSMA","2014","2013-10-25","1.7931","1.8411","1.7202","0.7991","0.0297","A"
"HF004","2","GSWSMA","2014","2013-10-26","1.6882","1.7202","1.636","0.7524","0.028","A"
"HF004","2","GSWSMA","2014","2013-10-27","1.8763","2.5372","1.6028","0.8363","0.0311","A"
"HF004","2","GSWSMA","2014","2013-10-28","1.752","1.9117","1.5536","0.7809","0.029","A"
"HF004","2","GSWSMA","2014","2013-10-29","1.7186","1.7202","1.7032","0.766","0.0285","A"
"HF004","2","GSWSMA","2014","2013-10-30","1.6687","1.7032","1.636","0.7437","0.0277","A"
"HF004","2","GSWSMA","2014","2013-10-31","1.6432","1.6527","1.636","0.7323","0.0272","A"
"HF004","2","GSWSMA","2014","2013-11-01","1.6496","1.6527","1.6194","0.7352","0.0273","A"
"HF004","2","GSWSMA","2014","2013-11-02","3.6208","5.0866","1.6194","1.6137","0.06","A"
"HF004","2","GSWSMA","2014","2013-11-03","3.0989","3.4624","2.8883","1.3811","0.0514","A"
"HF004","2","GSWSMA","2014","2013-11-04","2.8424","2.9096","2.825","1.2668","0.0471","A"
"HF004","2","GSWSMA","2014","2013-11-05","7.0765","9.4818","2.9096","3.1539","0.1173","A"
"HF004","2","GSWSMA","2014","2013-11-06","9.4019","9.9083","8.4507","4.1903","0.1558","A"
"HF004","2","GSWSMA","2014","2013-11-07","14.4569","24.3231","7.6625","6.4432","0.2396","A"
"HF004","2","GSWSMA","2014","2013-11-08","13.0371","16.2445","10.748","5.8104","0.2161","A"
"HF004","2","GSWSMA","2014","2013-11-09","9.3439","10.748","7.9869","4.1644","0.1549","A"
"HF004","2","GSWSMA","2014","2013-11-10","7.1073","7.9869","6.3334","3.1676","0.1178","A"
"HF004","2","GSWSMA","2014","2013-11-11","5.7924","6.3334","5.3321","2.5816","0.096","A"
"HF004","2","GSWSMA","2014","2013-11-12","5.053","5.3321","4.7932","2.252","0.0838","A"
"HF004","2","GSWSMA","2014","2013-11-13","4.5189","4.7932","4.3545","2.014","0.0749","A"
"HF004","2","GSWSMA","2014","2013-11-14","4.2218","4.3798","4.1048","1.8816","0.07","A"
"HF004","2","GSWSMA","2014","2013-11-15","4.0295","4.4817","3.9338","1.7959","0.0668","A"
"HF004","2","GSWSMA","2014","2013-11-16","6.8116","8.1513","4.5073","3.0358","0.1129","A"
"HF004","2","GSWSMA","2014","2013-11-17","9.3528","9.8366","8.1843","4.1684","0.155","A"
"HF004","2","GSWSMA","2014","2013-11-18","9.4555","15.336","8.4842","4.2142","0.1567","A"
"HF004","2","GSWSMA","2014","2013-11-19","40.9183","62.3484","15.5042","18.2366","0.6782","A"
"HF004","2","GSWSMA","2014","2013-11-20","36.1119","52.1295","24.9727","16.0944","0.5986","A"
"HF004","2","GSWSMA","2014","2013-11-21","19.0816","24.8276","15.2244","8.5043","0.3163","A"
"HF004","2","GSWSMA","2014","2013-11-22","13.0556","15.2244","11.3074","5.8187","0.2164","A"
"HF004","2","GSWSMA","2014","2013-11-23","10.3924","11.3074","9.6231","4.6317","0.1723","A"
"HF004","2","GSWSMA","2014","2013-11-24","8.8874","9.6231","8.2174","3.9609","0.1473","A"
"HF004","2","GSWSMA","2014","2013-11-25","7.6448","8.2174","7.1866","3.4072","0.1267","A"
"HF004","2","GSWSMA","2014","2013-11-26","6.8236","7.1866","6.5124","3.0412","0.1131","A"
"HF004","2","GSWSMA","2014","2013-11-27","6.2621","6.5124","6.0108","2.7909","0.1038","A"
"HF004","2","GSWSMA","2014","2013-11-28","5.744","6.0108","5.4986","2.56","0.0952","A"
"HF004","2","GSWSMA","2014","2013-11-29","5.253","5.4986","5.0596","2.3412","0.0871","A"
"HF004","2","GSWSMA","2014","2013-11-30","4.9161","5.0596","4.7407","2.191","0.0815","A"
"HF004","2","GSWSMA","2014","2013-12-01","9.4215","14.5099","4.7407","4.199","0.1562","A"
"HF004","2","GSWSMA","2014","2013-12-02","44.4573","68.2032","14.8923","19.8139","0.7369","A"
"HF004","2","GSWSMA","2014","2013-12-03","23.925","31.8145","17.9023","10.663","0.3966","A"
"HF004","2","GSWSMA","2014","2013-12-04","15.0592","17.9023","12.9823","6.7116","0.2496","A"
"HF004","2","GSWSMA","2014","2013-12-05","11.4772","12.9823","10.4159","5.1152","0.1902","A"
"HF004","2","GSWSMA","2014","2013-12-06","9.779","10.3793","9.0979","4.3583","0.1621","A"
"HF004","2","GSWSMA","2014","2013-12-07","8.4251","9.0979","7.6947","3.7549","0.1396","A"
"HF004","2","GSWSMA","2014","2013-12-08","7.7682","9.694","7.0619","3.4622","0.1288","A"
"HF004","2","GSWSMA","2014","2013-12-09","6.7826","7.0619","6.5424","3.0229","0.1124","A"
"HF004","2","GSWSMA","2014","2013-12-10","6.252","6.5424","6.0108","2.7864","0.1036","A"
"HF004","2","GSWSMA","2014","2013-12-11","5.8579","6.0108","5.6955","2.6108","0.0971","A"
"HF004","2","GSWSMA","2014","2013-12-12","5.5399","5.6955","5.4986","2.4691","0.0918","A"
"HF004","2","GSWSMA","2014","2013-12-13","5.4768","5.5265","5.3046","2.4409","0.0908","A"
"HF004","2","GSWSMA","2014","2013-12-14","5.1002","5.3046","5.0058","2.2731","0.0845","A"
"HF004","2","GSWSMA","2014","2013-12-15","4.9233","5.0058","4.899","2.1942","0.0816","A"
"HF004","2","GSWSMA","2014","2013-12-16","4.8359","4.899","4.7669","2.1553","0.0802","A"
"HF004","2","GSWSMA","2014","2013-12-17","4.6989","4.7669","4.5845","2.0942","0.0779","A"
"HF004","2","GSWSMA","2014","2013-12-18","4.5049","4.6104","4.4306","2.0077","0.0747","A"
"HF004","2","GSWSMA","2014","2013-12-19","4.246","4.4306","4.0802","1.8924","0.0704","A"
"HF004","2","GSWSMA","2014","2013-12-20","4.2967","5.2224","4.0557","1.915","0.0712","A"
"HF004","2","GSWSMA","2014","2013-12-21","6.4156","6.9382","5.2224","2.8593","0.1063","A"
"HF004","2","GSWSMA","2014","2013-12-22","6.7709","6.8766","6.4824","3.0177","0.1122","A"
"HF004","2","GSWSMA","2014","2013-12-23","7.1108","8.1843","6.6328","3.1692","0.1179","A"
"HF004","2","GSWSMA","2014","2013-12-24","7.5161","8.1513","7.1554","3.3498","0.1246","A"
"HF004","2","GSWSMA","2014","2013-12-25","6.838","7.1554","6.5424","3.0476","0.1133","A"
"HF004","2","GSWSMA","2014","2013-12-26","6.3137","6.5424","6.0689","2.8139","0.1046","A"
"HF004","2","GSWSMA","2014","2013-12-27","5.8158","6.0689","5.5545","2.592","0.0964","A"
"HF004","2","GSWSMA","2014","2013-12-28","5.3142","5.5545","5.0866","2.3684","0.0881","A"
"HF004","2","GSWSMA","2014","2013-12-29","4.9451","5.0866","4.8196","2.204","0.082","A"
"HF004","2","GSWSMA","2014","2013-12-30","4.7074","4.8196","4.5587","2.098","0.078","A"
"HF004","2","GSWSMA","2014","2013-12-31","4.4508","4.5845","4.3545","1.9836","0.0738","A"
"HF004","2","GSWSMA","2014","2014-01-01","4.2356","4.3545","4.1295","1.8877","0.0702","A"
"HF004","2","GSWSMA","2014","2014-01-02","4.0231","4.1295","3.8855","1.793","0.0667","A"
"HF004","2","GSWSMA","2014","2014-01-03","3.9328","4.0557","3.8136","1.7528","0.0652","A"
"HF004","2","GSWSMA","2014","2014-01-04","3.6993","3.8136","3.6245","1.6487","0.0613","A"
"HF004","2","GSWSMA","2014","2014-01-05","3.5316","3.6245","3.4624","1.574","0.0585","A"
"HF004","2","GSWSMA","2014","2014-01-06","3.3932","3.4624","3.326","1.5123","0.0562","A"
"HF004","2","GSWSMA","2014","2014-01-07","3.7289","5.3874","3.3035","1.6619","0.0618","A"
"HF004","2","GSWSMA","2014","2014-01-08","9.3897","18.024","5.3874","4.1848","0.1556","A"
"HF004","2","GSWSMA","2014","2014-01-09","16.2868","24.4666","13.4987","7.2587","0.27","A"
"HF004","2","GSWSMA","2014","2014-01-10","27.6983","30.6663","23.401","12.3446","0.4591","A"
"HF004","2","GSWSMA","2014","2014-01-11","24.6246","26.3746","21.8841","10.9747","0.4082","A"
"HF004","2","GSWSMA","2014","2014-01-12","25.6766","35.4839","21.7489","11.4436","0.4256","A"
"HF004","2","GSWSMA","2014","2014-01-13","33.4835","35.4839","28.8291","14.923","0.555","A"
"HF004","2","GSWSMA","2014","2014-01-14","24.1329","28.8291","20.2916","10.7556","0.4","A"
"HF004","2","GSWSMA","2014","2014-01-15","18.2307","20.1619","16.8266","8.1251","0.3022","A"
"HF004","2","GSWSMA","2014","2014-01-16","15.8753","16.8266","15.1688","7.0754","0.2631","A"
"HF004","2","GSWSMA","2014","2014-01-17","14.4743","15.1688","13.7083","6.4509","0.2399","A"
"HF004","2","GSWSMA","2014","2014-01-18","12.7986","13.7083","11.982","5.7041","0.2121","A"
"HF004","2","GSWSMA","2014","2014-01-19","11.1394","11.9331","10.4893","4.9646","0.1846","A"
"HF004","2","GSWSMA","2014","2014-01-20","9.8859","10.4893","9.3764","4.406","0.1639","A"
"HF004","2","GSWSMA","2014","2014-01-21","8.8112","9.3764","8.2174","3.927","0.146","A"
"HF004","2","GSWSMA","2014","2014-01-22","7.8729","8.2506","7.5343","3.5088","0.1305","A"
"HF004","2","GSWSMA","2014","2014-01-23","7.1458","7.5343","6.7848","3.1848","0.1184","A"
"HF004","2","GSWSMA","2014","2014-01-24","6.5054","6.7848","6.2153","2.8994","0.1078","A"
"HF004","2","GSWSMA","2014","2014-01-25","6.0011","6.2153","5.7808","2.6746","0.0995","A"
"HF004","2","GSWSMA","2014","2014-01-26","5.6054","5.7808","5.4151","2.4982","0.0929","A"
"HF004","2","GSWSMA","2014","2014-01-27","5.2905","5.4151","5.1951","2.3579","0.0877","A"
"HF004","2","GSWSMA","2014","2014-01-28","6.8324","18.6394","5.1679","3.0451","0.1132","A"
"HF004","2","GSWSMA","2014","2014-01-29","43.6205","52.5628","19.0768","19.4409","0.723","A"
"HF004","2","GSWSMA","2014","2014-01-30","33.6178","44.3615","25.6316","14.9829","0.5572","A"
"HF004","2","GSWSMA","2014","2014-01-31","20.5148","25.6316","16.8854","9.1431","0.34","A"
"HF004","2","GSWSMA","2014","2014-02-01","14.872","16.8854","13.2909","6.6282","0.2465","A"
"HF004","2","GSWSMA","2014","2014-02-02","12.215","13.2909","11.3549","5.444","0.2025","A"
"HF004","2","GSWSMA","2014","2014-02-03","10.6049","11.3074","9.9801","4.7264","0.1758","A"
"HF004","2","GSWSMA","2014","2014-02-04","9.4288","9.9801","8.8913","4.2022","0.1563","A"
"HF004","2","GSWSMA","2014","2014-02-05","8.1706","8.8913","7.7269","3.6415","0.1354","A"
"HF004","2","GSWSMA","2014","2014-02-06","7.6876","7.7269","7.6625","3.4262","0.1274","A"
"HF004","2","GSWSMA","2014","2014-02-07","7.3351","7.6947","6.9999","3.2691","0.1216","A"
"HF004","2","GSWSMA","2014","2014-02-08","9.8027","15.9005","7.3123","4.3689","0.1625","A"
"HF004","2","GSWSMA","2014","2014-02-09","25.2674","27.3576","16.072","11.2612","0.4188","A"
"HF004","2","GSWSMA","2014","2014-02-10","24.1095","27.2813","21.3461","10.7452","0.3996","A"
"HF004","2","GSWSMA","2014","2014-02-11","28.2274","38.1722","27.053","12.5804","0.4679","A"
"HF004","2","GSWSMA","2014","2014-02-12","172.9928","225.2532","38.3552","77.0998","2.8673","A"
"HF004","2","GSWSMA","2014","2014-02-13","145.7118","225.2532","84.6478","64.9412","2.4152","A"
"HF004","2","GSWSMA","2014","2014-02-14","141.2299","175.1441","84.6478","62.9437","2.3409","A"
"HF004","2","GSWSMA","2014","2014-02-15","111.1891","125.4231","101.1573","49.555","1.843","A"
"HF004","2","GSWSMA","2014","2014-02-16","71.4241","101.9313","49.992","31.8325","1.1839","A"
"HF004","2","GSWSMA","2014","2014-02-17","44.06","49.992","42.0179","19.6368","0.7303","A"
"HF004","2","GSWSMA","2014","2014-02-18","48.1797","62.5867","42.5974","21.4729","0.7986","A"
"HF004","2","GSWSMA","2014","2014-02-19","43.5714","54.5366","34.4382","19.419","0.7222","A"
"HF004","2","GSWSMA","2014","2014-02-20","29.6144","34.3518","26.9015","13.1986","0.4909","A"
"HF004","2","GSWSMA","2014","2014-02-21","25.7847","26.9015","24.5386","11.4918","0.4274","A"
"HF004","2","GSWSMA","2014","2014-02-22","22.5649","24.5386","20.7494","10.0568","0.374","A"
"HF004","2","GSWSMA","2014","2014-02-23","19.0949","20.6837","18.2688","8.5103","0.3165","A"
"HF004","2","GSWSMA","2014","2014-02-24","18.7788","20.6181","18.024","8.3694","0.3113","A"
"HF004","2","GSWSMA","2014","2014-02-25","23.4907","26.076","20.6181","10.4694","0.3894","A"
"HF004","2","GSWSMA","2014","2014-02-26","26.1394","26.2251","25.9274","11.6499","0.4333","A"
"HF004","2","GSWSMA","2014","2014-02-27","27.623","29.7001","25.558","12.3111","0.4579","A"
"HF004","2","GSWSMA","2014","2014-02-28","24.7831","27.053","23.3308","11.0454","0.4108","A"
"HF004","2","GSWSMA","2014","2014-03-01","25.0052","31.6491","23.2608","11.1444","0.4145","A"
"HF004","2","GSWSMA","2014","2014-03-02","41.7361","51.6981","31.6491","18.601","0.6918","A"
"HF004","2","GSWSMA","2014","2014-03-03","59.4816","67.0838","50.0977","26.5099","0.9859","A"
"HF004","2","GSWSMA","2014","2014-03-04","49.7672","59.1792","40.8717","22.1804","0.8249","A"
"HF004","2","GSWSMA","2014","2014-03-05","49.4603","80.904","38.907","22.0436","0.8198","A"
"HF004","2","GSWSMA","2014","2014-03-06","67.9901","83.3897","58.7173","30.302","1.1269","A"
"HF004","2","GSWSMA","2014","2014-03-07","69.0854","83.6684","52.1295","30.7902","1.1451","A"
"HF004","2","GSWSMA","2014","2014-03-08","42.8715","51.9136","38.4469","19.1071","0.7106","A"
"HF004","2","GSWSMA","2014","2014-03-09","89.5224","114.7502","46.2656","39.8986","1.4838","A"
"HF004","2","GSWSMA","2014","2014-03-10","93.6893","119.5996","62.706","41.7557","1.5529","A"
"HF004","2","GSWSMA","2014","2014-03-11","48.2175","62.5867","38.2636","21.4897","0.7992","A"
"HF004","2","GSWSMA","2014","2014-03-12","31.8477","38.1722","27.053","14.1939","0.5279","A"
"HF004","2","GSWSMA","2014","2014-03-13","23.4469","26.9772","20.4871","10.4499","0.3886","A"
"HF004","2","GSWSMA","2014","2014-03-14","20.6247","22.498","18.7638","9.192","0.3419","A"
"HF004","2","GSWSMA","2014","2014-03-15","16.9514","18.7638","15.5605","7.5549","0.281","A"
"HF004","2","GSWSMA","2014","2014-03-16","14.9749","18.1462","13.9728","6.674","0.2482","A"
"HF004","2","GSWSMA","2014","2014-03-17","14.0651","17.0625","12.6777","6.2686","0.2331","A"
"HF004","2","GSWSMA","2014","2014-03-18","12.221","12.7282","11.9331","5.4467","0.2026","A"
"HF004","2","GSWSMA","2014","2014-03-19","11.3956","12.0801","10.978","5.0788","0.1889","A"
"HF004","2","GSWSMA","2014","2014-03-20","10.0791","10.978","9.4115","4.4921","0.1671","A"
"HF004","2","GSWSMA","2014","2014-03-21","9.0029","9.4115","8.5515","4.0124","0.1492","A"
"HF004","2","GSWSMA","2014","2014-03-22","8.2335","8.5852","7.9542","3.6695","0.1365","A"
"HF004","2","GSWSMA","2014","2014-03-23","7.6606","7.9542","7.4071","3.4142","0.127","A"
"HF004","2","GSWSMA","2014","2014-03-24","7.1949","7.4071","7.0309","3.2066","0.1193","A"
"HF004","2","GSWSMA","2014","2014-03-25","7.0899","7.7916","6.8766","3.1598","0.1175","A"
"HF004","2","GSWSMA","2014","2014-03-26","8.6698","10.4893","7.6625","3.864","0.1437","A"
"HF004","2","GSWSMA","2014","2014-03-27","12.1376","17.0034","9.4818","5.4095","0.2012","A"
"HF004","2","GSWSMA","2014","2014-03-28","34.3193","63.6651","17.0034","15.2955","0.5688","A"
"HF004","2","GSWSMA","2014","2014-03-29","48.4371","63.7856","38.1722","21.5875","0.8028","A"
"HF004","2","GSWSMA","2014","2014-03-30","32.0514","38.0809","27.5105","14.2847","0.5313","A"
"HF004","2","GSWSMA","2014","2014-03-31","24.2115","27.5105","21.2793","10.7907","0.4013","A"
"HF004","2","GSWSMA","2014","2014-04-01","19.1729","21.3461","17.4797","8.545","0.3178","A"
"HF004","2","GSWSMA","2014","2014-04-02","16.1537","17.4198","15.1133","7.1994","0.2677","A"
"HF004","2","GSWSMA","2014","2014-04-03","14.1993","15.1133","13.761","6.3284","0.2354","A"
"HF004","2","GSWSMA","2014","2014-04-04","15.1517","17.4198","14.1328","6.7528","0.2511","A"
"HF004","2","GSWSMA","2014","2014-04-05","22.5853","33.5796","17.4797","10.0659","0.3744","A"
"HF004","2","GSWSMA","2014","2014-04-06","37.4581","38.5386","33.6649","16.6944","0.6209","A"
"HF004","2","GSWSMA","2014","2014-04-07","31.5331","36.1905","29.1443","14.0538","0.5227","A"
"HF004","2","GSWSMA","2014","2014-04-08","26.431","29.1443","24.2515","11.7799","0.4381","A"
"HF004","2","GSWSMA","2014","2014-04-09","22.0004","24.1086","19.5834","9.8052","0.3647","A"
"HF004","2","GSWSMA","2014","2014-04-10","17.3541","19.5834","15.73","7.7344","0.2876","A"
"HF004","2","GSWSMA","2014","2014-04-11","14.2684","15.6734","13.1361","6.3592","0.2365","A"
"HF004","2","GSWSMA","2014","2014-04-12","11.9378","13.1361","10.9344","5.3205","0.1979","A"
"HF004","2","GSWSMA","2014","2014-04-13","10.3015","10.9344","9.8366","4.5912","0.1707","A"
"HF004","2","GSWSMA","2014","2014-04-14","9.2607","9.8366","8.8571","4.1273","0.1535","A"
"HF004","2","GSWSMA","2014","2014-04-15","8.3825","8.8571","7.9869","3.7359","0.1389","A"
"HF004","2","GSWSMA","2014","2014-04-16","7.6907","7.9869","7.3438","3.4276","0.1275","A"
"HF004","2","GSWSMA","2014","2014-04-17","9.0085","11.4502","7.3123","4.015","0.1493","A"
"HF004","2","GSWSMA","2014","2014-04-18","9.1841","11.1185","8.4842","4.0932","0.1522","A"
"HF004","2","GSWSMA","2014","2014-04-19","8.0686","8.4842","7.889","3.596","0.1337","A"
"HF004","2","GSWSMA","2014","2014-04-20","7.5107","7.9869","7.218","3.3474","0.1245","A"
"HF004","2","GSWSMA","2014","2014-04-21","7.0914","7.6625","6.9074","3.1605","0.1175","A"
"HF004","2","GSWSMA","2014","2014-04-22","7.9201","8.6868","7.5663","3.5298","0.1313","A"
"HF004","2","GSWSMA","2014","2014-04-23","13.0453","28.7507","8.6529","5.8141","0.2162","A"
"HF004","2","GSWSMA","2014","2014-04-24","41.7578","46.0632","29.0653","18.6107","0.6921","A"
"HF004","2","GSWSMA","2014","2014-04-25","32.0525","40.6823","25.1913","14.2853","0.5313","A"
"HF004","2","GSWSMA","2014","2014-04-26","21.24","25.0455","19.014","9.4663","0.3521","A"
"HF004","2","GSWSMA","2014","2014-04-27","20.2636","21.9519","19.2028","9.0311","0.3359","A"
"HF004","2","GSWSMA","2014","2014-04-28","20.0441","21.2127","19.2659","8.9333","0.3322","A"
"HF004","2","GSWSMA","2014","2014-04-29","18.9379","19.7111","18.2075","8.4403","0.3139","A"
"HF004","2","GSWSMA","2014","2014-04-30","18.7627","19.7111","18.024","8.3622","0.311","A"
"HF004","2","GSWSMA","2014","2014-05-01","16.4086","17.9631","15.0026","7.313","0.272","A"
"HF004","2","GSWSMA","2014","2014-05-02","13.5907","15.0026","12.4767","6.0571","0.2253","A"
"HF004","2","GSWSMA","2014","2014-05-03","11.5344","12.4767","10.8224","5.1407","0.1912","A"
"HF004","2","GSWSMA","2014","2014-05-04","11.7279","16.2445","10.6368","5.2269","0.1944","A"
"HF004","2","GSWSMA","2014","2014-05-05","14.7211","16.5924","13.4466","6.5609","0.244","A"
"HF004","2","GSWSMA","2014","2014-05-06","12.5819","13.4466","11.6421","5.6075","0.2085","A"
"HF004","2","GSWSMA","2014","2014-05-07","10.8984","11.6421","10.3063","4.8572","0.1806","A"
"HF004","2","GSWSMA","2014","2014-05-08","12.8325","22.9818","10.0522","5.7192","0.2127","A"
"HF004","2","GSWSMA","2014","2014-05-09","31.7555","42.3071","22.843","14.1529","0.5263","A"
"HF004","2","GSWSMA","2014","2014-05-10","40.4423","42.5005","36.2793","18.0244","0.6703","A"
"HF004","2","GSWSMA","2014","2014-05-11","30.8366","36.2793","26.9015","13.7433","0.5111","A"
"HF004","2","GSWSMA","2014","2014-05-12","23.2981","26.9015","20.0325","10.3836","0.3862","A"
"HF004","2","GSWSMA","2014","2014-05-13","17.609","20.0325","15.6734","7.848","0.2919","A"
"HF004","2","GSWSMA","2014","2014-05-14","14.06","15.6734","12.6777","6.2663","0.233","A"
"HF004","2","GSWSMA","2014","2014-05-15","11.5375","12.6777","10.6738","5.142","0.1912","A"
"HF004","2","GSWSMA","2014","2014-05-16","9.9856","10.6738","9.3064","4.4504","0.1655","A"
"HF004","2","GSWSMA","2014","2014-05-17","8.8375","9.3414","8.3171","3.9387","0.1465","A"
"HF004","2","GSWSMA","2014","2014-05-18","10.5787","12.8803","8.3171","4.7147","0.1753","A"
"HF004","2","GSWSMA","2014","2014-05-19","10.7811","12.8803","9.9083","4.805","0.1787","A"
"HF004","2","GSWSMA","2014","2014-05-20","9.1876","9.9083","8.6529","4.0948","0.1523","A"
"HF004","2","GSWSMA","2014","2014-05-21","8.1908","8.6529","7.7916","3.6505","0.1358","A"
"HF004","2","GSWSMA","2014","2014-05-22","7.4228","7.7916","7.0619","3.3082","0.123","A"
"HF004","2","GSWSMA","2014","2014-05-23","6.8344","7.093","6.6026","3.046","0.1133","A"
"HF004","2","GSWSMA","2014","2014-05-24","6.3217","6.6026","6.0399","2.8175","0.1048","A"
"HF004","2","GSWSMA","2014","2014-05-25","5.8384","6.0689","5.6389","2.6021","0.0968","A"
"HF004","2","GSWSMA","2014","2014-05-26","5.5615","5.6672","5.3874","2.4787","0.0922","A"
"HF004","2","GSWSMA","2014","2014-05-27","5.1925","5.3874","5.0058","2.3142","0.0861","A"
"HF004","2","GSWSMA","2014","2014-05-28","5.3564","6.0981","4.9791","2.3873","0.0888","A"
"HF004","2","GSWSMA","2014","2014-05-29","5.1278","5.5265","4.8725","2.2854","0.085","A"
"HF004","2","GSWSMA","2014","2014-05-30","4.6964","4.8725","4.5073","2.0931","0.0778","A"
"HF004","2","GSWSMA","2014","2014-05-31","4.3867","4.5073","4.2289","1.9551","0.0727","A"
"HF004","2","GSWSMA","2014","2014-06-01","4.1402","4.2289","4.0067","1.8452","0.0686","A"
"HF004","2","GSWSMA","2014","2014-06-02","3.9525","4.0067","3.8375","1.7616","0.0655","A"
"HF004","2","GSWSMA","2014","2014-06-03","3.7733","3.8375","3.6479","1.6817","0.0625","A"
"HF004","2","GSWSMA","2014","2014-06-04","3.579","3.6479","3.5315","1.5951","0.0593","A"
"HF004","2","GSWSMA","2014","2014-06-05","3.4641","3.5315","3.3712","1.5439","0.0574","A"
"HF004","2","GSWSMA","2014","2014-06-06","3.2928","3.3712","3.2364","1.4675","0.0546","A"
"HF004","2","GSWSMA","2014","2014-06-07","3.1847","3.2364","3.1258","1.4194","0.0528","A"
"HF004","2","GSWSMA","2014","2014-06-08","3.0845","3.1258","2.9738","1.3747","0.0511","A"
"HF004","2","GSWSMA","2014","2014-06-09","2.9358","2.9953","2.846","1.3084","0.0487","A"
"HF004","2","GSWSMA","2014","2014-06-10","2.8143","2.846","2.7622","1.2543","0.0466","A"
"HF004","2","GSWSMA","2014","2014-06-11","2.7135","2.7622","2.6181","1.2094","0.045","A"
"HF004","2","GSWSMA","2014","2014-06-12","2.6422","2.804","2.5977","1.1776","0.0438","A"
"HF004","2","GSWSMA","2014","2014-06-13","3.4716","4.0802","2.846","1.5472","0.0575","A"
"HF004","2","GSWSMA","2014","2014-06-14","2.93","3.2587","2.7207","1.3058","0.0486","A"
"HF004","2","GSWSMA","2014","2014-06-15","2.6815","2.7207","2.6181","1.1951","0.0444","A"
"HF004","2","GSWSMA","2014","2014-06-16","3.1623","4.6363","2.6181","1.4094","0.0524","A"
"HF004","2","GSWSMA","2014","2014-06-17","3.5464","4.1295","3.192","1.5805","0.0588","A"
"HF004","2","GSWSMA","2014","2014-06-18","3.0014","3.192","2.804","1.3377","0.0497","A"
"HF004","2","GSWSMA","2014","2014-06-19","2.7058","2.825","2.5977","1.2059","0.0448","A"
"HF004","2","GSWSMA","2014","2014-06-20","2.5656","2.5977","2.4971","1.1435","0.0425","A"
"HF004","2","GSWSMA","2014","2014-06-21","2.4549","2.4971","2.3592","1.0941","0.0407","A"
"HF004","2","GSWSMA","2014","2014-06-22","2.3425","2.3592","2.3011","1.044","0.0388","A"
"HF004","2","GSWSMA","2014","2014-06-23","2.2729","2.3011","2.2245","1.013","0.0377","A"
"HF004","2","GSWSMA","2014","2014-06-24","2.2179","2.2245","2.1867","0.9885","0.0368","A"
"HF004","2","GSWSMA","2014","2014-06-25","2.4962","3.1698","2.1867","1.1125","0.0414","A"
"HF004","2","GSWSMA","2014","2014-06-26","3.3969","3.9338","2.9953","1.5139","0.0563","A"
"HF004","2","GSWSMA","2014","2014-06-27","5.3349","7.1866","3.0169","2.3777","0.0884","A"
"HF004","2","GSWSMA","2014","2014-06-28","4.7037","5.3321","4.2789","2.0963","0.078","A"
"HF004","2","GSWSMA","2014","2014-06-29","4.031","4.2789","3.7659","1.7966","0.0668","A"
"HF004","2","GSWSMA","2014","2014-06-30","3.6014","3.7659","3.4167","1.6051","0.0597","A"
"HF004","2","GSWSMA","2014","2014-07-01","3.2573","3.4167","3.1039","1.4517","0.054","A"
"HF004","2","GSWSMA","2014","2014-07-02","3.0402","3.1039","2.9309","1.355","0.0504","A"
"HF004","2","GSWSMA","2014","2014-07-03","2.8487","2.9309","2.783","1.2696","0.0472","A"
"HF004","2","GSWSMA","2014","2014-07-04","2.7328","2.783","2.6384","1.218","0.0453","A"
"HF004","2","GSWSMA","2014","2014-07-05","2.6051","2.6589","2.5171","1.161","0.0432","A"
"HF004","2","GSWSMA","2014","2014-07-06","2.5003","2.5573","2.4376","1.1144","0.0414","A"
"HF004","2","GSWSMA","2014","2014-07-07","2.4103","2.4574","2.3592","1.0742","0.0399","A"
"HF004","2","GSWSMA","2014","2014-07-08","2.3287","2.3592","2.2818","1.0379","0.0386","A"
"HF004","2","GSWSMA","2014","2014-07-09","2.2264","2.2818","2.1305","0.9922","0.0369","A"
"HF004","2","GSWSMA","2014","2014-07-10","2.0997","2.1305","2.0381","0.9358","0.0348","A"
"HF004","2","GSWSMA","2014","2014-07-11","1.9819","2.0381","1.9117","0.8833","0.0328","A"
"HF004","2","GSWSMA","2014","2014-07-12","1.8533","1.9117","1.7544","0.826","0.0307","A"
"HF004","2","GSWSMA","2014","2014-07-13","1.7489","1.7544","1.7202","0.7794","0.029","A"
"HF004","2","GSWSMA","2014","2014-07-14","1.7041","1.7372","1.6527","0.7595","0.0282","A"
"HF004","2","GSWSMA","2014","2014-07-15","1.632","1.6694","1.5863","0.7273","0.0271","A"
"HF004","2","GSWSMA","2014","2014-07-16","1.5848","1.6028","1.5373","0.7063","0.0263","A"
"HF004","2","GSWSMA","2014","2014-07-17","1.5333","1.5536","1.5211","0.6834","0.0254","A"
"HF004","2","GSWSMA","2014","2014-07-18","1.5095","1.5211","1.473","0.6728","0.025","A"
"HF004","2","GSWSMA","2014","2014-07-19","1.4936","1.505","1.473","0.6657","0.0248","A"
"HF004","2","GSWSMA","2014","2014-07-20","1.4725","1.489","1.4413","0.6563","0.0244","A"
"HF004","2","GSWSMA","2014","2014-07-21","1.4495","1.4571","1.4413","0.646","0.024","A"
"HF004","2","GSWSMA","2014","2014-07-22","1.5898","2.4179","1.4413","0.7085","0.0264","A"
"HF004","2","GSWSMA","2014","2014-07-23","2.7746","4.1791","1.6694","1.2366","0.046","A"
"HF004","2","GSWSMA","2014","2014-07-24","1.878","2.3787","1.6694","0.837","0.0311","A"
"HF004","2","GSWSMA","2014","2014-07-25","1.6052","1.6694","1.5373","0.7154","0.0266","A"
"HF004","2","GSWSMA","2014","2014-07-26","1.5243","1.5536","1.489","0.6794","0.0253","A"
"HF004","2","GSWSMA","2014","2014-07-27","1.4833","1.489","1.473","0.6611","0.0246","A"
"HF004","2","GSWSMA","2014","2014-07-28","1.4478","1.473","1.3942","0.6452","0.024","A"
"HF004","2","GSWSMA","2014","2014-07-29","1.3612","1.4098","1.3022","0.6067","0.0226","A"
"HF004","2","GSWSMA","2014","2014-07-30","1.3066","1.3173","1.2721","0.5823","0.0217","A"
"HF004","2","GSWSMA","2014","2014-07-31","1.2586","1.2871","1.2128","0.5609","0.0209","A"
"HF004","2","GSWSMA","2014","2014-08-01","1.2062","1.2275","1.1836","0.5376","0.02","A"
"HF004","2","GSWSMA","2014","2014-08-02","1.1772","1.1836","1.1548","0.5247","0.0195","A"
"HF004","2","GSWSMA","2014","2014-08-03","1.1548","1.1548","1.1548","0.5147","0.0191","A"
"HF004","2","GSWSMA","2014","2014-08-04","1.1442","1.1548","1.112","0.51","0.019","A"
"HF004","2","GSWSMA","2014","2014-08-05","1.1004","1.112","1.0699","0.4904","0.0182","A"
"HF004","2","GSWSMA","2014","2014-08-06","1.0607","1.0699","1.0423","0.4727","0.0176","A"
"HF004","2","GSWSMA","2014","2014-08-07","1.0402","1.0561","1.0286","0.4636","0.0172","A"
"HF004","2","GSWSMA","2014","2014-08-08","1.0286","1.0423","1.0149","0.4584","0.017","A"
"HF004","2","GSWSMA","2014","2014-08-09","1.0256","1.0286","1.0149","0.4571","0.017","A"
"HF004","2","GSWSMA","2014","2014-08-10","1.0021","1.0149","0.9745","0.4466","0.0166","A"
"HF004","2","GSWSMA","2014","2014-08-11","0.9652","0.9745","0.9612","0.4302","0.016","A"
"HF004","2","GSWSMA","2014","2014-08-12","0.9612","0.9612","0.9612","0.4284","0.0159","A"
"HF004","2","GSWSMA","2014","2014-08-13","0.9616","0.9745","0.9612","0.4286","0.0159","A"
"HF004","2","GSWSMA","2014","2014-08-14","1.1924","1.489","0.9612","0.5314","0.0198","A"
"HF004","2","GSWSMA","2014","2014-08-15","1.0377","1.0839","0.9879","0.4625","0.0172","A"
"HF004","2","GSWSMA","2014","2014-08-16","0.9834","0.9879","0.9745","0.4383","0.0163","A"
"HF004","2","GSWSMA","2014","2014-08-17","0.9689","0.9745","0.9479","0.4318","0.0161","A"
"HF004","2","GSWSMA","2014","2014-08-18","0.9441","0.9479","0.9217","0.4208","0.0156","A"
"HF004","2","GSWSMA","2014","2014-08-19","0.9311","0.9479","0.9217","0.415","0.0154","A"
"HF004","2","GSWSMA","2014","2014-08-20","0.9217","0.9217","0.9217","0.4108","0.0153","A"
"HF004","2","GSWSMA","2014","2014-08-21","0.9066","0.9217","0.8829","0.4041","0.015","A"
"HF004","2","GSWSMA","2014","2014-08-22","0.8802","0.8829","0.8574","0.3923","0.0146","A"
"HF004","2","GSWSMA","2014","2014-08-23","0.8663","0.8701","0.8574","0.3861","0.0144","A"
"HF004","2","GSWSMA","2014","2014-08-24","0.8563","0.8574","0.8448","0.3816","0.0142","A"
"HF004","2","GSWSMA","2014","2014-08-25","0.8365","0.8448","0.8074","0.3728","0.0139","A"
"HF004","2","GSWSMA","2014","2014-08-26","0.7799","0.8074","0.7468","0.3476","0.0129","A"
"HF004","2","GSWSMA","2014","2014-08-27","0.7581","0.7587","0.7468","0.3379","0.0126","A"
"HF004","2","GSWSMA","2014","2014-08-28","0.7587","0.7587","0.7587","0.3382","0.0126","A"
"HF004","2","GSWSMA","2014","2014-08-29","0.7587","0.7587","0.7587","0.3382","0.0126","A"
"HF004","2","GSWSMA","2014","2014-08-30","0.8913","1.1692","0.7587","0.3972","0.0148","A"
"HF004","2","GSWSMA","2014","2014-08-31","0.9085","1.0014","0.8574","0.4049","0.0151","A"
"HF004","2","GSWSMA","2014","2014-09-01","0.8633","0.8701","0.8448","0.3847","0.0143","A"
"HF004","2","GSWSMA","2014","2014-09-02","0.8182","0.8574","0.7587","0.3647","0.0136","A"
"HF004","2","GSWSMA","2014","2014-09-03","0.7708","0.7708","0.7708","0.3435","0.0128","A"
"HF004","2","GSWSMA","2014","2014-09-04","0.774","0.7829","0.7587","0.345","0.0128","A"
"HF004","2","GSWSMA","2014","2014-09-05","0.7637","0.7708","0.7468","0.3404","0.0127","A"
"HF004","2","GSWSMA","2014","2014-09-06","0.7516","0.7587","0.7349","0.335","0.0125","A"
"HF004","2","GSWSMA","2014","2014-09-07","0.7366","0.7468","0.7349","0.3283","0.0122","A"
"HF004","2","GSWSMA","2014","2014-09-08","0.745","0.7468","0.7349","0.332","0.0123","A"
"HF004","2","GSWSMA","2014","2014-09-09","0.7249","0.7468","0.6997","0.3231","0.012","A"
"HF004","2","GSWSMA","2014","2014-09-10","0.697","0.6997","0.6881","0.3106","0.0116","A"
"HF004","2","GSWSMA","2014","2014-09-11","0.6881","0.6881","0.6881","0.3067","0.0114","A"
"HF004","2","GSWSMA","2014","2014-09-12","0.6881","0.6881","0.6881","0.3067","0.0114","A"
"HF004","2","GSWSMA","2014","2014-09-13","0.6773","0.6881","0.6766","0.3019","0.0112","A"
"HF004","2","GSWSMA","2014","2014-09-14","0.6749","0.6766","0.6652","0.3008","0.0112","A"
"HF004","2","GSWSMA","2014","2014-09-15","0.6603","0.6766","0.6539","0.2943","0.0109","A"
"HF004","2","GSWSMA","2014","2014-09-16","0.6539","0.6539","0.6539","0.2914","0.0108","A"
"HF004","2","GSWSMA","2014","2014-09-17","0.6539","0.6539","0.6539","0.2914","0.0108","A"
"HF004","2","GSWSMA","2014","2014-09-18","0.6539","0.6539","0.6539","0.2914","0.0108","A"
"HF004","2","GSWSMA","2014","2014-09-19","0.6539","0.6539","0.6539","0.2914","0.0108","A"
"HF004","2","GSWSMA","2014","2014-09-20","0.6539","0.6539","0.6539","0.2914","0.0108","A"
"HF004","2","GSWSMA","2014","2014-09-21","0.6524","0.6539","0.6427","0.2908","0.0108","A"
"HF004","2","GSWSMA","2014","2014-09-22","0.6427","0.6427","0.6427","0.2864","0.0107","A"
"HF004","2","GSWSMA","2014","2014-09-23","0.6376","0.6427","0.6315","0.2842","0.0106","A"
"HF004","2","GSWSMA","2014","2014-09-24","1.3747","2.0198","0.6315","0.6127","0.0228","A"
"HF004","2","GSWSMA","2014","2014-09-25","0.9687","1.5373","0.8448","0.4317","0.0161","A"
"HF004","2","GSWSMA","2014","2014-09-26","0.8846","1.0423","0.7951","0.3943","0.0147","A"
"HF004","2","GSWSMA","2014","2014-09-27","0.7744","0.7951","0.7468","0.3451","0.0128","A"
"HF004","2","GSWSMA","2014","2014-09-28","0.7271","0.7587","0.6997","0.324","0.0121","A"
"HF004","2","GSWSMA","2014","2014-09-29","0.6997","0.6997","0.6997","0.3118","0.0116","A"
"HF004","2","GSWSMA","2014","2014-09-30","0.6997","0.6997","0.6997","0.3118","0.0116","A"
